"","term","estimate","std.error","statistic","p.value","conf.low","conf.high"
"1","lwt",-0.0150834295141289,0.0081465157976359,-1.85151908973234,0.0640949110196797,-0.0310503070769818,0.000883448048724059
"2","smokeyes",1.47956443802971,0.562019131319753,2.63258731878992,0.00847372381246325,0.378027182020503,2.58110169403891
"3","ptdyes",1.67059428008931,0.746806193525585,2.23698503650945,0.0252873180391808,0.206881037347718,3.13430752283091
"4","htyes",2.32936147232518,1.0025493438485,2.32343822936776,0.0201556224058084,0.364400865657852,4.29432207899251
"5","uiyes",1.34489459353888,0.693843023308361,1.93832689579582,0.0525833530536689,-0.0150127430698885,2.70480193014766
